id,nombre,apellido,id_contacto,id_especialidad,disponibilidad,created_at,updated_at
1,Nombre 1,Apellido 1,1,1,Disponible,2022-08-05 20:52:15,2022-08-06 21:05:07
2,Nombre 2,Apellido 2,2,5,No disponible,2022-01-07 05:28:32,2022-01-31 10:28:46
3,Nombre 3,Apellido 3,3,2,Disponible,2022-07-29 07:49:30,2022-02-10 17:07:46
4,Nombre 4,Apellido 4,4,5,No disponible,2022-03-19 09:31:30,2022-12-26 05:28:11
5,Nombre 5,Apellido 5,5,2,Disponible,2022-05-31 08:02:51,2022-03-04 04:33:17
6,Nombre 6,Apellido 6,6,3,No disponible,2022-05-30 13:57:14,2022-06-28 23:38:24
7,Nombre 7,Apellido 7,7,3,Disponible,2022-01-04 10:52:47,2022-11-23 09:06:48
8,Nombre 8,Apellido 8,8,1,No disponible,2022-12-18 20:01:27,2022-10-31 13:34:00
9,Nombre 9,Apellido 9,9,2,Disponible,2022-08-04 07:07:39,2022-10-18 13:09:39
10,Nombre 10,Apellido 10,10,2,No disponible,2022-03-18 13:32:50,2022-09-30 01:52:31
11,Nombre 11,Apellido 11,11,2,Disponible,2022-02-27 17:20:57,2022-10-31 10:51:52
12,Nombre 12,Apellido 12,12,2,No disponible,2022-09-30 13:40:50,2022-09-27 02:25:30
13,Nombre 13,Apellido 13,13,4,Disponible,2022-09-30 04:59:42,2022-04-07 09:47:46
14,Nombre 14,Apellido 14,14,4,No disponible,2022-01-10 23:11:31,2022-10-31 15:49:12
15,Nombre 15,Apellido 15,15,3,Disponible,2022-07-27 10:33:02,2022-08-04 07:50:12
16,Nombre 16,Apellido 16,16,4,No disponible,2022-03-23 21:32:43,2022-02-16 04:51:15
17,Nombre 17,Apellido 17,17,1,Disponible,2022-10-20 12:38:27,2022-01-19 07:07:41
18,Nombre 18,Apellido 18,18,4,No disponible,2022-09-05 03:58:10,2022-04-01 02:50:54
19,Nombre 19,Apellido 19,19,5,Disponible,2022-05-14 15:56:30,2022-07-13 03:15:44
20,Nombre 20,Apellido 20,20,2,No disponible,2022-07-23 21:13:07,2022-05-13 03:54:44
21,Nombre 21,Apellido 21,21,3,Disponible,2022-10-12 17:15:00,2022-04-10 20:08:35
22,Nombre 22,Apellido 22,22,5,No disponible,2022-02-27 11:42:42,2022-07-27 03:09:33
23,Nombre 23,Apellido 23,23,4,Disponible,2022-05-13 06:02:54,2022-12-06 08:49:15
24,Nombre 24,Apellido 24,24,5,No disponible,2022-01-10 11:16:57,2022-01-28 22:26:04
25,Nombre 25,Apellido 25,25,5,Disponible,2022-12-19 16:47:54,2022-03-11 12:43:02
26,Nombre 26,Apellido 26,26,5,No disponible,2022-10-08 01:37:05,2022-03-06 12:21:33
27,Nombre 27,Apellido 27,27,4,Disponible,2022-09-05 22:18:12,2022-10-04 21:26:17
28,Nombre 28,Apellido 28,28,5,No disponible,2022-08-01 19:30:30,2022-10-20 07:59:41
29,Nombre 29,Apellido 29,29,5,Disponible,2022-10-29 16:32:43,2022-06-27 04:06:35
30,Nombre 30,Apellido 30,30,5,No disponible,2022-03-18 18:18:16,2022-10-31 09:24:08
31,Nombre 31,Apellido 31,31,1,Disponible,2022-06-16 10:10:19,2022-06-06 11:33:44
32,Nombre 32,Apellido 32,32,5,No disponible,2022-11-15 08:57:38,2022-02-05 17:00:13
33,Nombre 33,Apellido 33,33,4,Disponible,2022-12-04 22:09:55,2022-12-01 19:35:49
34,Nombre 34,Apellido 34,34,3,No disponible,2022-11-22 13:25:36,2022-08-11 15:19:10
35,Nombre 35,Apellido 35,35,1,Disponible,2022-09-25 22:09:36,2022-09-08 02:55:21
36,Nombre 36,Apellido 36,36,2,No disponible,2022-09-28 20:27:34,2022-05-06 15:31:28
37,Nombre 37,Apellido 37,37,2,Disponible,2022-01-18 01:55:12,2022-11-20 07:54:36
38,Nombre 38,Apellido 38,38,4,No disponible,2022-12-10 21:05:42,2022-06-19 22:19:37
39,Nombre 39,Apellido 39,39,1,Disponible,2022-06-24 04:16:19,2022-03-07 20:03:02
40,Nombre 40,Apellido 40,40,1,No disponible,2022-12-24 16:51:58,2022-04-08 05:53:57
41,Nombre 41,Apellido 41,41,2,Disponible,2022-01-29 14:31:06,2022-05-28 01:47:41
42,Nombre 42,Apellido 42,42,3,No disponible,2022-10-23 14:25:55,2022-07-17 09:01:07
43,Nombre 43,Apellido 43,43,5,Disponible,2022-08-11 19:53:28,2022-06-17 06:50:09
44,Nombre 44,Apellido 44,44,3,No disponible,2022-02-13 15:26:52,2022-07-30 23:38:16
45,Nombre 45,Apellido 45,45,1,Disponible,2022-02-10 12:22:00,2022-04-09 10:17:04
46,Nombre 46,Apellido 46,46,4,No disponible,2022-05-11 06:29:33,2022-03-22 14:00:04
47,Nombre 47,Apellido 47,47,3,Disponible,2022-08-22 09:55:42,2022-08-29 03:16:11
48,Nombre 48,Apellido 48,48,3,No disponible,2022-10-17 03:40:08,2022-11-01 02:29:15
49,Nombre 49,Apellido 49,49,1,Disponible,2022-10-23 08:31:57,2022-06-27 09:01:45
50,Nombre 50,Apellido 50,50,2,No disponible,2022-12-20 20:35:14,2022-03-10 17:00:54
